"dataset","time_point","Side","m_A_orig","m_B_orig","v_A_orig","v_B_orig","A_val_orig","delta_orig","n_pooled_t_orig","n_Welch_t_orig","n_WMW_orig","n_welch_z_orig","n_pooled_z_orig","m_A_manual","m_B_manual","v_A_manual","v_B_manual","A_val_manual","delta_manual","n_pooled_t_manual","n_Welch_t_manual","n_WMW_manual","n_welch_z_manual","n_pooled_z_manual","n_pooled_t_diff","n_Welch_t_diff","n_WMW_diff","n_welch_z_diff","n_pooled_z_diff"
"D1","10","One-Sided",5.6,9.6,16.8,10.8,0.2,-4,12,12,12,11,11,5.6,9.6,16.8,10.8,0.2,-4,12,12,12,11,11,0,0,0,0,0
"D1","10","Two-Sided",5.6,9.6,16.8,10.8,0.2,-4,15,15,15,14,14,5.6,9.6,16.8,10.8,0.2,-4,15,15,15,14,14,0,0,0,0,0
"D1","13","One-Sided",6.4,9.6,30.8,10.8,0.22,-3.2,26,26,14,26,26,6.4,9.6,30.8,10.8,0.22,-3.2,26,26,14,26,26,0,0,0,0,0
"D1","13","Two-Sided",6.4,9.6,30.8,10.8,0.22,-3.2,33,34,17,32,32,6.4,9.6,30.8,10.8,0.22,-3.2,33,34,17,32,32,0,0,0,0,0
"D1","15","One-Sided",6.8,11,34.7,17,0.28,-4.2,19,19,22,19,19,6.8,11,34.7,17,0.28,-4.2,19,19,22,19,19,0,0,0,0,0
"D1","15","Two-Sided",6.8,11,34.7,17,0.28,-4.2,25,25,28,24,24,6.8,11,34.7,17,0.28,-4.2,25,25,28,24,24,0,0,0,0,0
"D1","17","One-Sided",8,26,29.5,170.5,0.1,-18,5,6,7,4,4,8,26,29.5,170.5,0.1,-18,5,6,7,4,4,0,0,0,0,0
"D1","17","Two-Sided",8,26,29.5,170.5,0.1,-18,6,7,9,5,5,8,26,29.5,170.5,0.1,-18,6,7,9,5,5,0,0,0,0,0
"D1","20","One-Sided",9,37.2,27,351.2,0.02,-28.2,4,5,5,3,3,9,37.2,27,351.2,0.02,-28.2,4,5,5,3,3,0,0,0,0,0
"D1","20","Two-Sided",9,37.2,27,351.2,0.02,-28.2,5,6,6,4,4,9,37.2,27,351.2,0.02,-28.2,5,6,6,4,4,0,0,0,0,0
"D1","22","One-Sided",12.4,56.6,69.3,694.8,0.04,-44.2,4,4,5,3,3,12.4,56.6,69.3,694.8,0.04,-44.2,4,4,5,3,3,0,0,0,0,0
"D1","22","Two-Sided",12.4,56.6,69.3,694.8,0.04,-44.2,5,5,7,4,4,12.4,56.6,69.3,694.8,0.04,-44.2,5,5,7,4,4,0,0,0,0,0
"D1","8","One-Sided",5.4,7.8,14.3,7.2,0.34,-2.4,24,24,41,24,24,5.4,7.8,14.3,7.2,0.34,-2.4,24,24,41,24,24,0,0,0,0,0
"D1","8","Two-Sided",5.4,7.8,14.3,7.2,0.34,-2.4,31,31,52,30,30,5.4,7.8,14.3,7.2,0.34,-2.4,31,31,52,30,30,0,0,0,0,0
"D1","D10-D3","One-Sided",5,9,17.5,9,0.2,-4,11,12,12,11,11,5,9,17.5,9,0.2,-4,11,12,12,11,11,0,0,0,0,0
"D1","D10-D3","Two-Sided",5,9,17.5,9,0.2,-4,15,15,15,13,13,5,9,17.5,9,0.2,-4,15,15,15,13,13,0,0,0,0,0
"D1","D10-D6","One-Sided",-0.4,3.8,11.3,5.7,0.14,-4.2,7,7,8,6,6,-0.4,3.8,11.3,5.7,0.14,-4.2,7,7,8,6,6,0,0,0,0,0
"D1","D10-D6","Two-Sided",-0.4,3.8,11.3,5.7,0.14,-4.2,9,9,11,8,8,-0.4,3.8,11.3,5.7,0.14,-4.2,9,9,11,8,8,0,0,0,0,0
"D1","D10-D8","One-Sided",0.2,1.8,4.7,2.7,0.3,-1.6,19,19,26,18,18,0.2,1.8,4.7,2.7,0.3,-1.6,19,19,26,18,18,0,0,0,0,0
"D1","D10-D8","Two-Sided",0.2,1.8,4.7,2.7,0.3,-1.6,24,24,33,23,23,0.2,1.8,4.7,2.7,0.3,-1.6,24,24,33,23,23,0,0,0,0,0
"D1","D13-D3","One-Sided",5.8,9,29.7,9,0.22,-3.2,25,25,14,24,24,5.8,9,29.7,9,0.22,-3.2,25,25,14,24,24,0,0,0,0,0
"D1","D13-D3","Two-Sided",5.8,9,29.7,9,0.22,-3.2,31,31,17,30,30,5.8,9,29.7,9,0.22,-3.2,31,31,17,30,30,0,0,0,0,0
"D1","D13-D6","One-Sided",0.4,3.8,30.3,5.7,0.3,-3.4,20,21,26,20,20,0.4,3.8,30.3,5.7,0.3,-3.4,20,21,26,20,20,0,0,0,0,0
"D1","D13-D6","Two-Sided",0.4,3.8,30.3,5.7,0.3,-3.4,26,26,33,25,25,0.4,3.8,30.3,5.7,0.3,-3.4,26,26,33,25,25,0,0,0,0,0
"D1","D13-D8","One-Sided",1,1.8,19.5,2.7,0.42,-0.8,216,216,162,215,215,1,1.8,19.5,2.7,0.42,-0.8,216,216,162,215,215,0,0,0,0,0
"D1","D13-D8","Two-Sided",1,1.8,19.5,2.7,0.42,-0.8,274,274,205,273,273,1,1.8,19.5,2.7,0.42,-0.8,274,274,205,273,273,0,0,0,0,0
"D1","D15-D13","One-Sided",0.4,1.4,5.3,5.3,0.34,-1,67,67,41,66,66,0.4,1.4,5.3,5.3,0.34,-1,67,67,41,66,66,0,0,0,0,0
"D1","D15-D13","Two-Sided",0.4,1.4,5.3,5.3,0.34,-1,85,85,52,84,84,0.4,1.4,5.3,5.3,0.34,-1,85,85,52,84,84,0,0,0,0,0
"D1","D15-D3","One-Sided",6.2,10.4,33.2,14.3,0.24,-4.2,18,18,16,17,17,6.2,10.4,33.2,14.3,0.24,-4.2,18,18,16,17,17,0,0,0,0,0
"D1","D15-D3","Two-Sided",6.2,10.4,33.2,14.3,0.24,-4.2,23,23,20,22,22,6.2,10.4,33.2,14.3,0.24,-4.2,23,23,20,22,22,0,0,0,0,0
"D1","D15-D6","One-Sided",0.8,5.2,47.2,17.2,0.24,-4.4,22,22,16,21,21,0.8,5.2,47.2,17.2,0.24,-4.4,22,22,16,21,21,0,0,0,0,0
"D1","D15-D6","Two-Sided",0.8,5.2,47.2,17.2,0.24,-4.4,28,28,20,27,27,0.8,5.2,47.2,17.2,0.24,-4.4,28,28,20,27,27,0,0,0,0,0
"D1","D15-D8","One-Sided",1.4,3.2,31.3,10.7,0.4,-1.8,81,81,104,81,81,1.4,3.2,31.3,10.7,0.4,-1.8,81,81,104,81,81,0,0,0,0,0
"D1","D15-D8","Two-Sided",1.4,3.2,31.3,10.7,0.4,-1.8,103,103,131,102,102,1.4,3.2,31.3,10.7,0.4,-1.8,103,103,131,102,102,0,0,0,0,0
"D1","D17-D10","One-Sided",2.4,16.4,16.3,113.8,0.12,-14,5,6,8,5,5,2.4,16.4,16.3,113.8,0.12,-14,5,6,8,5,5,0,0,0,0,0
"D1","D17-D10","Two-Sided",2.4,16.4,16.3,113.8,0.12,-14,7,7,10,6,6,2.4,16.4,16.3,113.8,0.12,-14,7,7,10,6,6,0,0,0,0,0
"D1","D17-D13","One-Sided",1.6,16.4,7.3,113.8,0.06,-14.8,5,5,6,4,4,1.6,16.4,7.3,113.8,0.06,-14.8,5,5,6,4,4,0,0,0,0,0
"D1","D17-D13","Two-Sided",1.6,16.4,7.3,113.8,0.06,-14.8,6,7,7,5,5,1.6,16.4,7.3,113.8,0.06,-14.8,6,7,7,5,5,0,0,0,0,0
"D1","D17-D15","One-Sided",1.2,15,4.7,98.5,0.06,-13.8,5,5,6,4,4,1.2,15,4.7,98.5,0.06,-13.8,5,5,6,4,4,0,0,0,0,0
"D1","D17-D15","Two-Sided",1.2,15,4.7,98.5,0.06,-13.8,6,7,7,5,5,1.2,15,4.7,98.5,0.06,-13.8,6,7,7,5,5,0,0,0,0,0
"D1","D17-D3","One-Sided",7.4,25.4,27.3,157.3,0.06,-18,5,5,6,4,4,7.4,25.4,27.3,157.3,0.06,-18,5,5,6,4,4,0,0,0,0,0
"D1","D17-D3","Two-Sided",7.4,25.4,27.3,157.3,0.06,-18,6,7,7,5,5,7.4,25.4,27.3,157.3,0.06,-18,6,7,7,5,5,0,0,0,0,0
"D1","D17-D6","One-Sided",2,20.2,51.5,152.7,0.1,-18.2,5,5,7,4,4,2,20.2,51.5,152.7,0.1,-18.2,5,5,7,4,4,0,0,0,0,0
"D1","D17-D6","Two-Sided",2,20.2,51.5,152.7,0.1,-18.2,6,7,9,5,5,2,20.2,51.5,152.7,0.1,-18.2,6,7,9,5,5,0,0,0,0,0
"D1","D17-D8","One-Sided",2.6,18.2,35.3,129.7,0.1,-15.6,6,6,7,5,5,2.6,18.2,35.3,129.7,0.1,-15.6,6,6,7,5,5,0,0,0,0,0
"D1","D17-D8","Two-Sided",2.6,18.2,35.3,129.7,0.1,-15.6,7,7,9,6,6,2.6,18.2,35.3,129.7,0.1,-15.6,7,7,9,6,6,0,0,0,0,0
"D1","D20-D10","One-Sided",3.4,27.6,18.8,261.8,0.02,-24.2,4,5,5,3,3,3.4,27.6,18.8,261.8,0.02,-24.2,4,5,5,3,3,0,0,0,0,0
"D1","D20-D10","Two-Sided",3.4,27.6,18.8,261.8,0.02,-24.2,5,6,6,4,4,3.4,27.6,18.8,261.8,0.02,-24.2,5,6,6,4,4,0,0,0,0,0
"D1","D20-D13","One-Sided",2.6,27.6,10.8,261.8,0,-25,4,5,5,3,3,2.6,27.6,10.8,261.8,0,-25,4,5,5,3,3,0,0,0,0,0
"D1","D20-D13","Two-Sided",2.6,27.6,10.8,261.8,0,-25,5,6,6,4,4,2.6,27.6,10.8,261.8,0,-25,5,6,6,4,4,0,0,0,0,0
"D1","D20-D15","One-Sided",2.2,26.2,12.2,249.2,0.02,-24,4,5,5,3,3,2.2,26.2,12.2,249.2,0.02,-24,4,5,5,3,3,0,0,0,0,0
"D1","D20-D15","Two-Sided",2.2,26.2,12.2,249.2,0.02,-24,5,6,6,4,4,2.2,26.2,12.2,249.2,0.02,-24,5,6,6,4,4,0,0,0,0,0
"D1","D20-D17","One-Sided",1,11.2,2,37.7,0,-10.2,4,4,5,3,3,1,11.2,2,37.7,0,-10.2,4,4,5,3,3,0,0,0,0,0
"D1","D20-D17","Two-Sided",1,11.2,2,37.7,0,-10.2,5,6,6,3,3,1,11.2,2,37.7,0,-10.2,5,6,6,3,3,0,0,0,0,0
"D1","D20-D3","One-Sided",8.4,36.6,24.8,332.3,0,-28.2,4,5,5,3,3,8.4,36.6,24.8,332.3,0,-28.2,4,5,5,3,3,0,0,0,0,0
"D1","D20-D3","Two-Sided",8.4,36.6,24.8,332.3,0,-28.2,5,6,6,4,4,8.4,36.6,24.8,332.3,0,-28.2,5,6,6,4,4,0,0,0,0,0
"D1","D20-D6","One-Sided",3,31.4,50.5,314.8,0.04,-28.4,4,5,5,3,3,3,31.4,50.5,314.8,0.04,-28.4,4,5,5,3,3,0,0,0,0,0
"D1","D20-D6","Two-Sided",3,31.4,50.5,314.8,0.04,-28.4,5,6,7,4,4,3,31.4,50.5,314.8,0.04,-28.4,5,6,7,4,4,0,0,0,0,0
"D1","D20-D8","One-Sided",3.6,29.4,35.8,282.8,0.04,-25.8,4,5,5,3,3,3.6,29.4,35.8,282.8,0.04,-25.8,4,5,5,3,3,0,0,0,0,0
"D1","D20-D8","Two-Sided",3.6,29.4,35.8,282.8,0.04,-25.8,5,6,7,4,4,3.6,29.4,35.8,282.8,0.04,-25.8,5,6,7,4,4,0,0,0,0,0
"D1","D22-D10","One-Sided",6.8,47,34.7,568.5,0,-40.2,4,4,5,3,3,6.8,47,34.7,568.5,0,-40.2,4,4,5,3,3,0,0,0,0,0
"D1","D22-D10","Two-Sided",6.8,47,34.7,568.5,0,-40.2,5,5,6,3,3,6.8,47,34.7,568.5,0,-40.2,5,5,6,3,3,0,0,0,0,0
"D1","D22-D13","One-Sided",6,47,15.5,568.5,0,-41,4,4,5,3,3,6,47,15.5,568.5,0,-41,4,4,5,3,3,0,0,0,0,0
"D1","D22-D13","Two-Sided",6,47,15.5,568.5,0,-41,4,5,6,3,3,6,47,15.5,568.5,0,-41,4,5,6,3,3,0,0,0,0,0
"D1","D22-D15","One-Sided",5.6,45.6,9.3,524.3,0,-40,4,4,5,3,3,5.6,45.6,9.3,524.3,0,-40,4,4,5,3,3,0,0,0,0,0
"D1","D22-D15","Two-Sided",5.6,45.6,9.3,524.3,0,-40,4,5,6,3,3,5.6,45.6,9.3,524.3,0,-40,4,5,6,3,3,0,0,0,0,0
"D1","D22-D17","One-Sided",4.4,30.6,9.3,204.3,0,-26.2,3,4,5,2,2,4.4,30.6,9.3,204.3,0,-26.2,3,4,5,2,2,0,0,0,0,0
"D1","D22-D17","Two-Sided",4.4,30.6,9.3,204.3,0,-26.2,4,5,6,3,3,4.4,30.6,9.3,204.3,0,-26.2,4,5,6,3,3,0,0,0,0,0
"D1","D22-D20","One-Sided",3.4,19.4,15.8,125.8,0.08,-16,5,5,6,4,4,3.4,19.4,15.8,125.8,0.08,-16,5,5,6,4,4,0,0,0,0,0
"D1","D22-D20","Two-Sided",3.4,19.4,15.8,125.8,0.08,-16,6,7,8,5,5,3.4,19.4,15.8,125.8,0.08,-16,6,7,8,5,5,0,0,0,0,0
"D1","D22-D3","One-Sided",11.8,56,66.7,671,0.04,-44.2,4,4,5,3,3,11.8,56,66.7,671,0.04,-44.2,4,4,5,3,3,0,0,0,0,0
"D1","D22-D3","Two-Sided",11.8,56,66.7,671,0.04,-44.2,5,5,7,3,3,11.8,56,66.7,671,0.04,-44.2,5,5,7,3,3,0,0,0,0,0
"D1","D22-D6","One-Sided",6.4,50.8,83.3,669.7,0.04,-44.4,4,4,5,3,3,6.4,50.8,83.3,669.7,0.04,-44.4,4,4,5,3,3,0,0,0,0,0
"D1","D22-D6","Two-Sided",6.4,50.8,83.3,669.7,0.04,-44.4,5,5,7,3,3,6.4,50.8,83.3,669.7,0.04,-44.4,5,5,7,3,3,0,0,0,0,0
"D1","D22-D8","One-Sided",7,48.8,63.5,623.7,0.04,-41.8,4,4,5,3,3,7,48.8,63.5,623.7,0.04,-41.8,4,4,5,3,3,0,0,0,0,0
"D1","D22-D8","Two-Sided",7,48.8,63.5,623.7,0.04,-41.8,5,5,7,4,4,7,48.8,63.5,623.7,0.04,-41.8,5,5,7,4,4,0,0,0,0,0
"D1","D6-D3","One-Sided",5.4,5.2,24.8,3.7,0.52,0.2,4406,4407,2577,4406,4406,5.4,5.2,24.8,3.7,0.52,0.2,4406,4407,2577,4406,4406,0,0,0,0,0
"D1","D6-D3","Two-Sided",5.4,5.2,24.8,3.7,0.52,0.2,5594,5594,3271,5593,5593,5.4,5.2,24.8,3.7,0.52,0.2,5594,5594,3271,5593,5593,0,0,0,0,0
"D1","D8-D3","One-Sided",4.8,7.2,16.7,5.7,0.38,-2.4,25,25,72,25,25,4.8,7.2,16.7,5.7,0.38,-2.4,25,25,72,25,25,0,0,0,0,0
"D1","D8-D3","Two-Sided",4.8,7.2,16.7,5.7,0.38,-2.4,32,32,91,31,31,4.8,7.2,16.7,5.7,0.38,-2.4,32,32,91,31,31,0,0,0,0,0
"D1","D8-D6","One-Sided",-0.6,2,1.8,1.5,0.08,-2.6,4,4,6,4,4,-0.6,2,1.8,1.5,0.08,-2.6,4,4,6,4,4,0,0,0,0,0
"D1","D8-D6","Two-Sided",-0.6,2,1.8,1.5,0.08,-2.6,6,6,8,4,4,-0.6,2,1.8,1.5,0.08,-2.6,6,6,8,4,4,0,0,0,0,0
"D2","12","One-Sided",4.8,8,1.2,14,0.22,-3.2,10,11,14,10,10,4.8,8,1.2,14,0.22,-3.2,10,11,14,10,10,0,0,0,0,0
"D2","12","Two-Sided",4.8,8,1.2,14,0.22,-3.2,13,14,17,12,12,4.8,8,1.2,14,0.22,-3.2,13,14,17,12,12,0,0,0,0,0
"D2","14","One-Sided",5,9.4,19,11.3,0.18,-4.4,11,11,11,10,10,5,9.4,19,11.3,0.18,-4.4,11,11,11,10,10,0,0,0,0,0
"D2","14","Two-Sided",5,9.4,19,11.3,0.18,-4.4,14,14,13,13,13,5,9.4,19,11.3,0.18,-4.4,14,14,13,13,13,0,0,0,0,0
"D2","16","One-Sided",6,13,32.5,23,0.14,-7,8,8,8,8,8,6,13,32.5,23,0.14,-7,8,8,8,8,8,0,0,0,0,0
"D2","16","Two-Sided",6,13,32.5,23,0.14,-7,10,10,11,9,9,6,13,32.5,23,0.14,-7,10,10,11,9,9,0,0,0,0,0
"D2","19","One-Sided",8.6,20.2,92.8,137.7,0.2,-11.6,12,12,12,11,11,8.6,20.2,92.8,137.7,0.2,-11.6,12,12,12,11,11,0,0,0,0,0
"D2","19","Two-Sided",8.6,20.2,92.8,137.7,0.2,-11.6,15,15,15,14,14,8.6,20.2,92.8,137.7,0.2,-11.6,15,15,15,14,14,0,0,0,0,0
"D2","21","One-Sided",17,36.6,354,552.8,0.28,-19.6,16,16,22,15,15,17,36.6,354,552.8,0.28,-19.6,16,16,22,15,15,0,0,0,0,0
"D2","21","Two-Sided",17,36.6,354,552.8,0.28,-19.6,20,20,28,19,19,17,36.6,354,552.8,0.28,-19.6,20,20,28,19,19,0,0,0,0,0
"D2","5","One-Sided",5.2,5.4,3.2,6.8,0.4,-0.2,1547,1547,104,1546,1546,5.2,5.4,3.2,6.8,0.4,-0.2,1547,1547,104,1546,1546,0,0,0,0,0
"D2","5","Two-Sided",5.2,5.4,3.2,6.8,0.4,-0.2,1964,1964,131,1963,1963,5.2,5.4,3.2,6.8,0.4,-0.2,1964,1964,131,1963,1963,0,0,0,0,0
"D2","9","One-Sided",6,7,4,14,0.4,-1,112,113,104,112,112,6,7,4,14,0.4,-1,112,113,104,112,112,0,0,0,0,0
"D2","9","Two-Sided",6,7,4,14,0.4,-1,143,143,131,142,142,6,7,4,14,0.4,-1,143,143,131,142,142,0,0,0,0,0
"D2","D12-D0","One-Sided",4.8,8,1.2,14,0.22,-3.2,10,11,14,10,10,4.8,8,1.2,14,0.22,-3.2,10,11,14,10,10,0,0,0,0,0
"D2","D12-D0","Two-Sided",4.8,8,1.2,14,0.22,-3.2,13,14,17,12,12,4.8,8,1.2,14,0.22,-3.2,13,14,17,12,12,0,0,0,0,0
"D2","D12-D2","One-Sided",4.2,7.4,1.7,15.3,0.24,-3.2,12,12,16,11,11,4.2,7.4,1.7,15.3,0.24,-3.2,12,12,16,11,11,0,0,0,0,0
"D2","D12-D2","Two-Sided",4.2,7.4,1.7,15.3,0.24,-3.2,15,15,20,14,14,4.2,7.4,1.7,15.3,0.24,-3.2,15,15,20,14,14,0,0,0,0,0
"D2","D12-D5","One-Sided",-0.4,2.6,2.8,6.8,0.16,-3,8,8,9,7,7,-0.4,2.6,2.8,6.8,0.16,-3,8,8,9,7,7,0,0,0,0,0
"D2","D12-D5","Two-Sided",-0.4,2.6,2.8,6.8,0.16,-3,10,10,12,9,9,-0.4,2.6,2.8,6.8,0.16,-3,10,10,12,9,9,0,0,0,0,0
"D2","D12-D7","One-Sided",-0.8,2.4,1.2,6.8,0.12,-3.2,6,7,8,5,5,-0.8,2.4,1.2,6.8,0.12,-3.2,6,7,8,5,5,0,0,0,0,0
"D2","D12-D7","Two-Sided",-0.8,2.4,1.2,6.8,0.12,-3.2,8,8,10,7,7,-0.8,2.4,1.2,6.8,0.12,-3.2,8,8,10,7,7,0,0,0,0,0
"D2","D12-D9","One-Sided",-1.2,1,3.2,2,0.18,-2.2,8,8,11,7,7,-1.2,1,3.2,2,0.18,-2.2,8,8,11,7,7,0,0,0,0,0
"D2","D12-D9","Two-Sided",-1.2,1,3.2,2,0.18,-2.2,10,10,13,9,9,-1.2,1,3.2,2,0.18,-2.2,10,10,13,9,9,0,0,0,0,0
"D2","D14-D0","One-Sided",5,9.4,19,11.3,0.18,-4.4,11,11,11,10,10,5,9.4,19,11.3,0.18,-4.4,11,11,11,10,10,0,0,0,0,0
"D2","D14-D0","Two-Sided",5,9.4,19,11.3,0.18,-4.4,14,14,13,13,13,5,9.4,19,11.3,0.18,-4.4,14,14,13,13,13,0,0,0,0,0
"D2","D14-D12","One-Sided",0.2,1.4,12.2,8.3,0.38,-1.2,89,89,72,89,89,0.2,1.4,12.2,8.3,0.38,-1.2,89,89,72,89,89,0,0,0,0,0
"D2","D14-D12","Two-Sided",0.2,1.4,12.2,8.3,0.38,-1.2,113,113,91,112,112,0.2,1.4,12.2,8.3,0.38,-1.2,113,113,91,112,112,0,0,0,0,0
"D2","D14-D2","One-Sided",4.4,8.8,20.8,12.7,0.16,-4.4,12,12,9,11,11,4.4,8.8,20.8,12.7,0.16,-4.4,12,12,9,11,11,0,0,0,0,0
"D2","D14-D2","Two-Sided",4.4,8.8,20.8,12.7,0.16,-4.4,15,15,12,14,14,4.4,8.8,20.8,12.7,0.16,-4.4,15,15,12,14,14,0,0,0,0,0
"D2","D14-D5","One-Sided",-0.2,4,23.2,15,0.18,-4.2,15,15,11,14,14,-0.2,4,23.2,15,0.18,-4.2,15,15,11,14,14,0,0,0,0,0
"D2","D14-D5","Two-Sided",-0.2,4,23.2,15,0.18,-4.2,19,19,13,17,17,-0.2,4,23.2,15,0.18,-4.2,19,19,13,17,17,0,0,0,0,0
"D2","D14-D7","One-Sided",-0.6,3.8,15.8,13.7,0.16,-4.4,11,11,9,10,10,-0.6,3.8,15.8,13.7,0.16,-4.4,11,11,9,10,10,0,0,0,0,0
"D2","D14-D7","Two-Sided",-0.6,3.8,15.8,13.7,0.16,-4.4,13,13,12,12,12,-0.6,3.8,15.8,13.7,0.16,-4.4,13,13,12,12,12,0,0,0,0,0
"D2","D14-D9","One-Sided",-1,2.4,20,15.3,0.28,-3.4,20,20,22,19,19,-1,2.4,20,15.3,0.28,-3.4,20,20,22,19,19,0,0,0,0,0
"D2","D14-D9","Two-Sided",-1,2.4,20,15.3,0.28,-3.4,25,25,28,24,24,-1,2.4,20,15.3,0.28,-3.4,25,25,28,24,24,0,0,0,0,0
"D2","D16-D0","One-Sided",6,13,32.5,23,0.14,-7,8,8,8,8,8,6,13,32.5,23,0.14,-7,8,8,8,8,8,0,0,0,0,0
"D2","D16-D0","Two-Sided",6,13,32.5,23,0.14,-7,10,10,11,9,9,6,13,32.5,23,0.14,-7,10,10,11,9,9,0,0,0,0,0
"D2","D16-D12","One-Sided",1.2,5,22.7,39,0.32,-3.8,28,28,32,27,27,1.2,5,22.7,39,0.32,-3.8,28,28,32,27,27,0,0,0,0,0
"D2","D16-D12","Two-Sided",1.2,5,22.7,39,0.32,-3.8,35,35,41,34,34,1.2,5,22.7,39,0.32,-3.8,35,35,41,34,34,0,0,0,0,0
"D2","D16-D14","One-Sided",1,3.6,2,14.3,0.24,-2.6,16,17,16,15,15,1,3.6,2,14.3,0.24,-2.6,16,17,16,15,15,0,0,0,0,0
"D2","D16-D14","Two-Sided",1,3.6,2,14.3,0.24,-2.6,20,21,20,19,19,1,3.6,2,14.3,0.24,-2.6,20,21,20,19,19,0,0,0,0,0
"D2","D16-D2","One-Sided",5.4,12.4,34.8,23.3,0.12,-7,9,9,8,8,8,5.4,12.4,34.8,23.3,0.12,-7,9,9,8,8,8,0,0,0,0,0
"D2","D16-D2","Two-Sided",5.4,12.4,34.8,23.3,0.12,-7,11,11,10,10,10,5.4,12.4,34.8,23.3,0.12,-7,11,11,10,10,10,0,0,0,0,0
"D2","D16-D5","One-Sided",0.8,7.6,35.7,46.3,0.12,-6.8,12,12,8,11,11,0.8,7.6,35.7,46.3,0.12,-6.8,12,12,8,11,11,0,0,0,0,0
"D2","D16-D5","Two-Sided",0.8,7.6,35.7,46.3,0.12,-6.8,15,15,10,14,14,0.8,7.6,35.7,46.3,0.12,-6.8,15,15,10,14,14,0,0,0,0,0
"D2","D16-D7","One-Sided",0.4,7.4,26.3,41.8,0.12,-7,10,10,8,9,9,0.4,7.4,26.3,41.8,0.12,-7,10,10,8,9,9,0,0,0,0,0
"D2","D16-D7","Two-Sided",0.4,7.4,26.3,41.8,0.12,-7,12,13,10,11,11,0.4,7.4,26.3,41.8,0.12,-7,12,13,10,11,11,0,0,0,0,0
"D2","D16-D9","One-Sided",0,6,31.5,51.5,0.24,-6,15,16,16,15,15,0,6,31.5,51.5,0.24,-6,15,16,16,15,15,0,0,0,0,0
"D2","D16-D9","Two-Sided",0,6,31.5,51.5,0.24,-6,20,20,20,19,19,0,6,31.5,51.5,0.24,-6,20,20,20,19,19,0,0,0,0,0
"D2","D19-D0","One-Sided",8.6,20.2,92.8,137.7,0.2,-11.6,12,12,12,11,11,8.6,20.2,92.8,137.7,0.2,-11.6,12,12,12,11,11,0,0,0,0,0
"D2","D19-D0","Two-Sided",8.6,20.2,92.8,137.7,0.2,-11.6,15,15,15,14,14,8.6,20.2,92.8,137.7,0.2,-11.6,15,15,15,14,14,0,0,0,0,0
"D2","D19-D12","One-Sided",3.8,12.2,75.2,184.7,0.24,-8.4,24,24,16,23,23,3.8,12.2,75.2,184.7,0.24,-8.4,24,24,16,23,23,0,0,0,0,0
"D2","D19-D12","Two-Sided",3.8,12.2,75.2,184.7,0.24,-8.4,30,31,20,29,29,3.8,12.2,75.2,184.7,0.24,-8.4,30,31,20,29,29,0,0,0,0,0
"D2","D19-D14","One-Sided",3.6,10.8,28.8,141.2,0.26,-7.2,21,22,18,21,21,3.6,10.8,28.8,141.2,0.26,-7.2,21,22,18,21,21,0,0,0,0,0
"D2","D19-D14","Two-Sided",3.6,10.8,28.8,141.2,0.26,-7.2,27,28,23,26,26,3.6,10.8,28.8,141.2,0.26,-7.2,27,28,23,26,26,0,0,0,0,0
"D2","D19-D16","One-Sided",2.6,7.2,15.8,70.7,0.28,-4.6,26,27,22,26,26,2.6,7.2,15.8,70.7,0.28,-4.6,26,27,22,26,26,0,0,0,0,0
"D2","D19-D16","Two-Sided",2.6,7.2,15.8,70.7,0.28,-4.6,34,34,28,33,33,2.6,7.2,15.8,70.7,0.28,-4.6,34,34,28,33,33,0,0,0,0,0
"D2","D19-D2","One-Sided",8,19.6,97,133.3,0.2,-11.6,12,12,12,11,11,8,19.6,97,133.3,0.2,-11.6,12,12,12,11,11,0,0,0,0,0
"D2","D19-D2","Two-Sided",8,19.6,97,133.3,0.2,-11.6,15,15,15,14,14,8,19.6,97,133.3,0.2,-11.6,15,15,15,14,14,0,0,0,0,0
"D2","D19-D5","One-Sided",3.4,14.8,95.8,199.2,0.18,-11.4,15,15,11,15,15,3.4,14.8,95.8,199.2,0.18,-11.4,15,15,11,15,15,0,0,0,0,0
"D2","D19-D5","Two-Sided",3.4,14.8,95.8,199.2,0.18,-11.4,19,19,13,18,18,3.4,14.8,95.8,199.2,0.18,-11.4,19,19,13,18,18,0,0,0,0,0
"D2","D19-D7","One-Sided",3,14.6,80,187.3,0.18,-11.6,14,14,11,13,13,3,14.6,80,187.3,0.18,-11.6,14,14,11,13,13,0,0,0,0,0
"D2","D19-D7","Two-Sided",3,14.6,80,187.3,0.18,-11.6,17,17,13,16,16,3,14.6,80,187.3,0.18,-11.6,17,17,13,16,16,0,0,0,0,0
"D2","D19-D9","One-Sided",2.6,13.2,87.8,205.7,0.22,-10.6,17,17,14,17,17,2.6,13.2,87.8,205.7,0.22,-10.6,17,17,14,17,17,0,0,0,0,0
"D2","D19-D9","Two-Sided",2.6,13.2,87.8,205.7,0.22,-10.6,22,22,17,21,21,2.6,13.2,87.8,205.7,0.22,-10.6,22,22,17,21,21,0,0,0,0,0
"D2","D21-D0","One-Sided",17,36.6,354,552.8,0.28,-19.6,16,16,22,15,15,17,36.6,354,552.8,0.28,-19.6,16,16,22,15,15,0,0,0,0,0
"D2","D21-D0","Two-Sided",17,36.6,354,552.8,0.28,-19.6,20,20,28,19,19,17,36.6,354,552.8,0.28,-19.6,20,20,28,19,19,0,0,0,0,0
"D2","D21-D12","One-Sided",12.2,28.6,314.2,646.8,0.32,-16.4,23,23,32,23,23,12.2,28.6,314.2,646.8,0.32,-16.4,23,23,32,23,23,0,0,0,0,0
"D2","D21-D12","Two-Sided",12.2,28.6,314.2,646.8,0.32,-16.4,30,30,41,29,29,12.2,28.6,314.2,646.8,0.32,-16.4,30,30,41,29,29,0,0,0,0,0
"D2","D21-D14","One-Sided",12,27.2,228.5,558.2,0.32,-15.2,22,22,32,22,22,12,27.2,228.5,558.2,0.32,-15.2,22,22,32,22,22,0,0,0,0,0
"D2","D21-D14","Two-Sided",12,27.2,228.5,558.2,0.32,-15.2,28,28,41,27,27,12,27.2,228.5,558.2,0.32,-15.2,28,28,41,27,27,0,0,0,0,0
"D2","D21-D16","One-Sided",11,23.6,189.5,400.3,0.32,-12.6,24,24,32,23,23,11,23.6,189.5,400.3,0.32,-12.6,24,24,32,23,23,0,0,0,0,0
"D2","D21-D16","Two-Sided",11,23.6,189.5,400.3,0.32,-12.6,31,31,41,30,30,11,23.6,189.5,400.3,0.32,-12.6,31,31,41,30,30,0,0,0,0,0
"D2","D21-D19","One-Sided",8.4,16.4,110.3,140.8,0.32,-8,25,25,32,25,25,8.4,16.4,110.3,140.8,0.32,-8,25,25,32,25,25,0,0,0,0,0
"D2","D21-D19","Two-Sided",8.4,16.4,110.3,140.8,0.32,-8,32,32,41,31,31,8.4,16.4,110.3,140.8,0.32,-8,32,32,41,31,31,0,0,0,0,0
"D2","D21-D2","One-Sided",16.4,36,359.3,543.5,0.28,-19.6,16,16,22,15,15,16.4,36,359.3,543.5,0.28,-19.6,16,16,22,15,15,0,0,0,0,0
"D2","D21-D2","Two-Sided",16.4,36,359.3,543.5,0.28,-19.6,20,20,28,19,19,16.4,36,359.3,543.5,0.28,-19.6,20,20,28,19,19,0,0,0,0,0
"D2","D21-D5","One-Sided",11.8,31.2,336.2,673.2,0.28,-19.4,18,18,22,17,17,11.8,31.2,336.2,673.2,0.28,-19.4,18,18,22,17,17,0,0,0,0,0
"D2","D21-D5","Two-Sided",11.8,31.2,336.2,673.2,0.28,-19.4,23,23,28,22,22,11.8,31.2,336.2,673.2,0.28,-19.4,23,23,28,22,22,0,0,0,0,0
"D2","D21-D7","One-Sided",11.4,31,312.8,651,0.28,-19.6,17,17,22,16,16,11.4,31,312.8,651,0.28,-19.6,17,17,22,16,16,0,0,0,0,0
"D2","D21-D7","Two-Sided",11.4,31,312.8,651,0.28,-19.6,21,21,28,20,20,11.4,31,312.8,651,0.28,-19.6,21,21,28,20,20,0,0,0,0,0
"D2","D21-D9","One-Sided",11,29.6,329,686.3,0.3,-18.6,19,19,26,19,19,11,29.6,329,686.3,0.3,-18.6,19,19,26,19,19,0,0,0,0,0
"D2","D21-D9","Two-Sided",11,29.6,329,686.3,0.3,-18.6,25,25,33,24,24,11,29.6,329,686.3,0.3,-18.6,25,25,33,24,24,0,0,0,0,0
"D2","D5-D0","One-Sided",5.2,5.4,3.2,6.8,0.4,-0.2,1547,1547,104,1546,1546,5.2,5.4,3.2,6.8,0.4,-0.2,1547,1547,104,1546,1546,0,0,0,0,0
"D2","D5-D0","Two-Sided",5.2,5.4,3.2,6.8,0.4,-0.2,1964,1964,131,1963,1963,5.2,5.4,3.2,6.8,0.4,-0.2,1964,1964,131,1963,1963,0,0,0,0,0
"D2","D5-D2","One-Sided",4.6,4.8,2.3,7.7,0.36,-0.2,1547,1547,53,1546,1546,4.6,4.8,2.3,7.7,0.36,-0.2,1547,1547,53,1546,1546,0,0,0,0,0
"D2","D5-D2","Two-Sided",4.6,4.8,2.3,7.7,0.36,-0.2,1964,1964,67,1963,1963,4.6,4.8,2.3,7.7,0.36,-0.2,1964,1964,67,1963,1963,0,0,0,0,0
"D2","D7-D5","One-Sided",0.4,0.2,0.8,0.2,0.52,0.2,156,156,2577,155,155,0.4,0.2,0.8,0.2,0.52,0.2,156,156,2577,155,155,0,0,0,0,0
"D2","D7-D5","Two-Sided",0.4,0.2,0.8,0.2,0.52,0.2,198,198,3271,197,197,0.4,0.2,0.8,0.2,0.52,0.2,198,198,3271,197,197,0,0,0,0,0
"D2","D9-D0","One-Sided",6,7,4,14,0.4,-1,112,113,104,112,112,6,7,4,14,0.4,-1,112,113,104,112,112,0,0,0,0,0
"D2","D9-D0","Two-Sided",6,7,4,14,0.4,-1,143,143,131,142,142,6,7,4,14,0.4,-1,143,143,131,142,142,0,0,0,0,0
"D2","D9-D2","One-Sided",5.4,6.4,3.3,14.8,0.42,-1,113,113,162,112,112,5.4,6.4,3.3,14.8,0.42,-1,113,113,162,112,112,0,0,0,0,0
"D2","D9-D2","Two-Sided",5.4,6.4,3.3,14.8,0.42,-1,144,144,205,143,143,5.4,6.4,3.3,14.8,0.42,-1,144,144,205,143,143,0,0,0,0,0
"D2","D9-D5","One-Sided",0.8,1.6,1.2,3.3,0.36,-0.8,45,45,53,44,44,0.8,1.6,1.2,3.3,0.36,-0.8,45,45,53,44,44,0,0,0,0,0
"D2","D9-D5","Two-Sided",0.8,1.6,1.2,3.3,0.36,-0.8,57,57,67,56,56,0.8,1.6,1.2,3.3,0.36,-0.8,57,57,67,56,56,0,0,0,0,0
"D2","D9-D7","One-Sided",0.4,1.4,0.8,3.8,0.36,-1,30,30,53,29,29,0.4,1.4,0.8,3.8,0.36,-1,30,30,53,29,29,0,0,0,0,0
"D2","D9-D7","Two-Sided",0.4,1.4,0.8,3.8,0.36,-1,38,38,67,37,37,0.4,1.4,0.8,3.8,0.36,-1,38,38,67,37,37,0,0,0,0,0
"D2+D3","12","One-Sided",5,7.4,2,8.04444444444444,0.22,-2.4,12,12,14,11,11,5,7.4,2,8.04444444444444,0.22,-2.4,12,12,14,11,11,0,0,0,0,0
"D2+D3","12","Two-Sided",5,7.4,2,8.04444444444444,0.22,-2.4,15,16,17,14,14,5,7.4,2,8.04444444444444,0.22,-2.4,15,16,17,14,14,0,0,0,0,0
"D2+D3","14","One-Sided",6.9,10.4,23.8777777777778,14.9333333333333,0.29,-3.5,21,21,24,20,20,6.9,10.4,23.8777777777778,14.9333333333333,0.29,-3.5,21,21,24,20,20,0,0,0,0,0
"D2+D3","14","Two-Sided",6.9,10.4,23.8777777777778,14.9333333333333,0.29,-3.5,26,26,30,25,25,6.9,10.4,23.8777777777778,14.9333333333333,0.29,-3.5,26,26,30,25,25,0,0,0,0,0
"D2+D3","16","One-Sided",8,13.4,31.7777777777778,23.6,0.245,-5.4,13,13,16,12,12,8,13.4,31.7777777777778,23.6,0.245,-5.4,13,13,16,12,12,0,0,0,0,0
"D2+D3","16","Two-Sided",8,13.4,31.7777777777778,23.6,0.245,-5.4,16,16,21,15,15,8,13.4,31.7777777777778,23.6,0.245,-5.4,16,16,21,15,15,0,0,0,0,0
"D2+D3","19","One-Sided",11.9,22.8,92.9888888888889,194.844444444444,0.275,-10.9,16,16,21,15,15,11.9,22.8,92.9888888888889,194.844444444444,0.275,-10.9,16,16,21,15,15,0,0,0,0,0
"D2+D3","19","Two-Sided",11.9,22.8,92.9888888888889,194.844444444444,0.275,-10.9,21,21,26,20,20,11.9,22.8,92.9888888888889,194.844444444444,0.275,-10.9,21,21,26,20,20,0,0,0,0,0
"D2+D3","21","One-Sided",19.3,39.2,271.344444444444,630.622222222222,0.25,-19.9,15,15,17,15,15,19.3,39.2,271.344444444444,630.622222222222,0.25,-19.9,15,15,17,15,15,0,0,0,0,0
"D2+D3","21","Two-Sided",19.3,39.2,271.344444444444,630.622222222222,0.25,-19.9,19,20,21,18,18,19.3,39.2,271.344444444444,630.622222222222,0.25,-19.9,19,20,21,18,18,0,0,0,0,0
"D2+D3","5","One-Sided",5.3,5.4,4.45555555555556,4.71111111111111,0.465,-0.100000000000001,5669,5669,842,5668,5668,5.3,5.4,4.45555555555556,4.71111111111111,0.465,-0.100000000000001,5669,5669,842,5668,5668,0,0,0,0,0
"D2+D3","5","Two-Sided",5.3,5.4,4.45555555555556,4.71111111111111,0.465,-0.100000000000001,7196,7196,1068,7195,7195,5.3,5.4,4.45555555555556,4.71111111111111,0.465,-0.100000000000001,7196,7196,1068,7195,7195,0,0,0,0,0
"D2+D3","7","One-Sided",5.7,6,4.9,2.66666666666667,0.45,-0.3,521,521,413,520,520,5.7,6,4.9,2.66666666666667,0.45,-0.3,521,521,413,520,520,0,0,0,0,0
"D2+D3","7","Two-Sided",5.7,6,4.9,2.66666666666667,0.45,-0.3,661,661,524,660,660,5.7,6,4.9,2.66666666666667,0.45,-0.3,661,661,524,660,660,0,0,0,0,0
"D2+D3","9","One-Sided",6.4,6.9,6.04444444444444,7.65555555555556,0.47,-0.5,340,340,1145,339,339,6.4,6.9,6.04444444444444,7.65555555555556,0.47,-0.5,340,340,1145,339,339,0,0,0,0,0
"D2+D3","9","Two-Sided",6.4,6.9,6.04444444444444,7.65555555555556,0.47,-0.5,432,432,1454,431,431,6.4,6.9,6.04444444444444,7.65555555555556,0.47,-0.5,432,432,1454,431,431,0,0,0,0,0
"D3","12","One-Sided",5.2,6.8,3.2,3.2,0.24,-1.6,17,17,16,16,16,5.2,6.8,3.2,3.2,0.24,-1.6,17,17,16,16,16,0,0,0,0,0
"D3","12","Two-Sided",5.2,6.8,3.2,3.2,0.24,-1.6,21,21,20,20,20,5.2,6.8,3.2,3.2,0.24,-1.6,21,21,20,20,20,0,0,0,0,0
"D3","14","One-Sided",8.8,11.4,25.7,19.8,0.36,-2.6,43,43,53,42,42,8.8,11.4,25.7,19.8,0.36,-2.6,43,43,53,42,42,0,0,0,0,0
"D3","14","Two-Sided",8.8,11.4,25.7,19.8,0.36,-2.6,54,54,67,53,53,8.8,11.4,25.7,19.8,0.36,-2.6,54,54,67,53,53,0,0,0,0,0
"D3","16","One-Sided",10,13.8,29,29.7,0.32,-3.8,26,26,32,26,26,10,13.8,29,29.7,0.32,-3.8,26,26,32,26,26,0,0,0,0,0
"D3","16","Two-Sided",10,13.8,29,29.7,0.32,-3.8,33,33,41,32,32,10,13.8,29,29.7,0.32,-3.8,33,33,41,32,32,0,0,0,0,0
"D3","19","One-Sided",15.2,25.4,89.2,283.8,0.32,-10.2,23,24,32,23,23,15.2,25.4,89.2,283.8,0.32,-10.2,23,24,32,23,23,0,0,0,0,0
"D3","19","Two-Sided",15.2,25.4,89.2,283.8,0.32,-10.2,30,30,41,29,29,15.2,25.4,89.2,283.8,0.32,-10.2,30,30,41,29,29,0,0,0,0,0
"D3","21","One-Sided",21.6,41.8,243.3,849.2,0.24,-20.2,18,18,16,17,17,21.6,41.8,243.3,849.2,0.24,-20.2,18,18,16,17,17,0,0,0,0,0
"D3","21","Two-Sided",21.6,41.8,243.3,849.2,0.24,-20.2,23,23,20,22,22,21.6,41.8,243.3,849.2,0.24,-20.2,23,23,20,22,22,0,0,0,0,0
"D3","7","One-Sided",5.8,6.4,8.2,0.8,0.46,-0.600000000000001,156,156,645,155,155,5.8,6.4,8.2,0.8,0.46,-0.600000000000001,156,156,645,155,155,0,0,0,0,0
"D3","7","Two-Sided",5.8,6.4,8.2,0.8,0.46,-0.600000000000001,198,198,818,197,197,5.8,6.4,8.2,0.8,0.46,-0.600000000000001,198,198,818,197,197,0,0,0,0,0
"D3","D12-D0","One-Sided",5.2,6.8,3.2,3.2,0.24,-1.6,17,17,16,16,16,5.2,6.8,3.2,3.2,0.24,-1.6,17,17,16,16,16,0,0,0,0,0
"D3","D12-D0","Two-Sided",5.2,6.8,3.2,3.2,0.24,-1.6,21,21,20,20,20,5.2,6.8,3.2,3.2,0.24,-1.6,21,21,20,20,20,0,0,0,0,0
"D3","D12-D2","One-Sided",4.6,6.2,3.3,2.7,0.28,-1.6,16,16,22,15,15,4.6,6.2,3.3,2.7,0.28,-1.6,16,16,22,15,15,0,0,0,0,0
"D3","D12-D2","Two-Sided",4.6,6.2,3.3,2.7,0.28,-1.6,20,20,28,19,19,4.6,6.2,3.3,2.7,0.28,-1.6,20,20,28,19,19,0,0,0,0,0
"D3","D12-D5","One-Sided",-0.2,1.4,10.2,1.8,0.36,-1.6,30,31,53,29,29,-0.2,1.4,10.2,1.8,0.36,-1.6,30,31,53,29,29,0,0,0,0,0
"D3","D12-D5","Two-Sided",-0.2,1.4,10.2,1.8,0.36,-1.6,38,39,67,37,37,-0.2,1.4,10.2,1.8,0.36,-1.6,38,39,67,37,37,0,0,0,0,0
"D3","D12-D7","One-Sided",-0.6,0.4,8.8,0.8,0.44,-1,61,61,287,60,60,-0.6,0.4,8.8,0.8,0.44,-1,61,61,287,60,60,0,0,0,0,0
"D3","D12-D7","Two-Sided",-0.6,0.4,8.8,0.8,0.44,-1,77,77,364,76,76,-0.6,0.4,8.8,0.8,0.44,-1,77,77,364,76,76,0,0,0,0,0
"D3","D14-D0","One-Sided",8.8,11.4,25.7,19.8,0.36,-2.6,43,43,53,42,42,8.8,11.4,25.7,19.8,0.36,-2.6,43,43,53,42,42,0,0,0,0,0
"D3","D14-D0","Two-Sided",8.8,11.4,25.7,19.8,0.36,-2.6,54,54,67,53,53,8.8,11.4,25.7,19.8,0.36,-2.6,54,54,67,53,53,0,0,0,0,0
"D3","D14-D12","One-Sided",3.6,4.6,13.3,9.8,0.4,-1,144,144,104,143,143,3.6,4.6,13.3,9.8,0.4,-1,144,144,104,143,143,0,0,0,0,0
"D3","D14-D12","Two-Sided",3.6,4.6,13.3,9.8,0.4,-1,183,183,131,182,182,3.6,4.6,13.3,9.8,0.4,-1,183,183,131,182,182,0,0,0,0,0
"D3","D14-D2","One-Sided",8.2,10.8,24.2,16.2,0.36,-2.6,38,38,53,37,37,8.2,10.8,24.2,16.2,0.36,-2.6,38,38,53,37,37,0,0,0,0,0
"D3","D14-D2","Two-Sided",8.2,10.8,24.2,16.2,0.36,-2.6,48,48,67,47,47,8.2,10.8,24.2,16.2,0.36,-2.6,48,48,67,47,47,0,0,0,0,0
"D3","D14-D5","One-Sided",3.4,6,29.8,15.5,0.32,-2.6,43,43,32,42,42,3.4,6,29.8,15.5,0.32,-2.6,43,43,32,42,42,0,0,0,0,0
"D3","D14-D5","Two-Sided",3.4,6,29.8,15.5,0.32,-2.6,54,54,41,53,53,3.4,6,29.8,15.5,0.32,-2.6,54,54,41,53,53,0,0,0,0,0
"D3","D14-D7","One-Sided",3,5,25,14,0.42,-2,61,62,162,61,61,3,5,25,14,0.42,-2,61,62,162,61,61,0,0,0,0,0
"D3","D14-D7","Two-Sided",3,5,25,14,0.42,-2,78,78,205,77,77,3,5,25,14,0.42,-2,78,78,205,77,77,0,0,0,0,0
"D3","D14-D9","One-Sided",2,4.6,20.5,9.8,0.3,-2.6,29,29,26,28,28,2,4.6,20.5,9.8,0.3,-2.6,29,29,26,28,28,0,0,0,0,0
"D3","D14-D9","Two-Sided",2,4.6,20.5,9.8,0.3,-2.6,37,37,33,36,36,2,4.6,20.5,9.8,0.3,-2.6,37,37,33,36,36,0,0,0,0,0
"D3","D16-D0","One-Sided",10,13.8,29,29.7,0.32,-3.8,26,26,32,26,26,10,13.8,29,29.7,0.32,-3.8,26,26,32,26,26,0,0,0,0,0
"D3","D16-D0","Two-Sided",10,13.8,29,29.7,0.32,-3.8,33,33,41,32,32,10,13.8,29,29.7,0.32,-3.8,33,33,41,32,32,0,0,0,0,0
"D3","D16-D12","One-Sided",4.8,7,17.2,18.5,0.28,-2.2,47,47,22,46,46,4.8,7,17.2,18.5,0.28,-2.2,47,47,22,46,46,0,0,0,0,0
"D3","D16-D12","Two-Sided",4.8,7,17.2,18.5,0.28,-2.2,59,59,28,58,58,4.8,7,17.2,18.5,0.28,-2.2,59,59,28,58,58,0,0,0,0,0
"D3","D16-D14","One-Sided",1.2,2.4,2.7,6.3,0.36,-1.2,40,40,53,39,39,1.2,2.4,2.7,6.3,0.36,-1.2,40,40,53,39,39,0,0,0,0,0
"D3","D16-D14","Two-Sided",1.2,2.4,2.7,6.3,0.36,-1.2,51,51,67,50,50,1.2,2.4,2.7,6.3,0.36,-1.2,51,51,67,50,50,0,0,0,0,0
"D3","D16-D2","One-Sided",9.4,13.2,27.8,26.7,0.32,-3.8,25,25,32,24,24,9.4,13.2,27.8,26.7,0.32,-3.8,25,25,32,24,24,0,0,0,0,0
"D3","D16-D2","Two-Sided",9.4,13.2,27.8,26.7,0.32,-3.8,31,31,41,30,30,9.4,13.2,27.8,26.7,0.32,-3.8,31,31,41,30,30,0,0,0,0,0
"D3","D16-D5","One-Sided",4.6,8.4,40.3,29.3,0.28,-3.8,31,31,22,30,30,4.6,8.4,40.3,29.3,0.28,-3.8,31,31,22,30,30,0,0,0,0,0
"D3","D16-D5","Two-Sided",4.6,8.4,40.3,29.3,0.28,-3.8,39,39,28,38,38,4.6,8.4,40.3,29.3,0.28,-3.8,39,39,28,38,38,0,0,0,0,0
"D3","D16-D7","One-Sided",4.2,7.4,36.7,23.3,0.34,-3.2,37,37,41,37,37,4.2,7.4,36.7,23.3,0.34,-3.2,37,37,41,37,37,0,0,0,0,0
"D3","D16-D7","Two-Sided",4.2,7.4,36.7,23.3,0.34,-3.2,47,48,52,46,46,4.2,7.4,36.7,23.3,0.34,-3.2,47,48,52,46,46,0,0,0,0,0
"D3","D16-D9","One-Sided",3.2,7,29.2,18.5,0.24,-3.8,22,22,16,21,21,3.2,7,29.2,18.5,0.24,-3.8,22,22,16,21,21,0,0,0,0,0
"D3","D16-D9","Two-Sided",3.2,7,29.2,18.5,0.24,-3.8,27,27,20,26,26,3.2,7,29.2,18.5,0.24,-3.8,27,27,20,26,26,0,0,0,0,0
"D3","D19-D0","One-Sided",15.2,25.4,89.2,283.8,0.32,-10.2,23,24,32,23,23,15.2,25.4,89.2,283.8,0.32,-10.2,23,24,32,23,23,0,0,0,0,0
"D3","D19-D0","Two-Sided",15.2,25.4,89.2,283.8,0.32,-10.2,30,30,41,29,29,15.2,25.4,89.2,283.8,0.32,-10.2,30,30,41,29,29,0,0,0,0,0
"D3","D19-D12","One-Sided",10,18.6,74,237.8,0.32,-8.6,27,27,32,27,27,10,18.6,74,237.8,0.32,-8.6,27,27,32,27,27,0,0,0,0,0
"D3","D19-D12","Two-Sided",10,18.6,74,237.8,0.32,-8.6,35,35,41,34,34,10,18.6,74,237.8,0.32,-8.6,35,35,41,34,34,0,0,0,0,0
"D3","D19-D14","One-Sided",6.4,14,36.3,181.5,0.36,-7.6,25,25,53,24,24,6.4,14,36.3,181.5,0.36,-7.6,25,25,53,24,24,0,0,0,0,0
"D3","D19-D14","Two-Sided",6.4,14,36.3,181.5,0.36,-7.6,31,32,67,30,30,6.4,14,36.3,181.5,0.36,-7.6,31,32,67,30,30,0,0,0,0,0
"D3","D19-D16","One-Sided",5.2,11.6,25.2,136.8,0.34,-6.4,26,26,41,25,25,5.2,11.6,25.2,136.8,0.34,-6.4,26,26,41,25,25,0,0,0,0,0
"D3","D19-D16","Two-Sided",5.2,11.6,25.2,136.8,0.34,-6.4,33,33,52,32,32,5.2,11.6,25.2,136.8,0.34,-6.4,33,33,52,32,32,0,0,0,0,0
"D3","D19-D2","One-Sided",14.6,24.8,89.3,277.7,0.32,-10.2,23,23,32,22,22,14.6,24.8,89.3,277.7,0.32,-10.2,23,23,32,22,22,0,0,0,0,0
"D3","D19-D2","Two-Sided",14.6,24.8,89.3,277.7,0.32,-10.2,29,29,41,28,28,14.6,24.8,89.3,277.7,0.32,-10.2,29,29,41,28,28,0,0,0,0,0
"D3","D19-D5","One-Sided",9.8,20,101.2,267.5,0.32,-10.2,23,23,32,22,22,9.8,20,101.2,267.5,0.32,-10.2,23,23,32,22,22,0,0,0,0,0
"D3","D19-D5","Two-Sided",9.8,20,101.2,267.5,0.32,-10.2,29,30,41,28,28,9.8,20,101.2,267.5,0.32,-10.2,29,30,41,28,28,0,0,0,0,0
"D3","D19-D7","One-Sided",9.4,19,99.8,260,0.32,-9.6,25,25,32,25,25,9.4,19,99.8,260,0.32,-9.6,25,25,32,25,25,0,0,0,0,0
"D3","D19-D7","Two-Sided",9.4,19,99.8,260,0.32,-9.6,32,32,41,31,31,9.4,19,99.8,260,0.32,-9.6,32,32,41,31,31,0,0,0,0,0
"D3","D19-D9","One-Sided",8.4,18.6,86.8,237.8,0.32,-10.2,21,21,32,20,20,8.4,18.6,86.8,237.8,0.32,-10.2,21,21,32,20,20,0,0,0,0,0
"D3","D19-D9","Two-Sided",8.4,18.6,86.8,237.8,0.32,-10.2,26,26,41,25,25,8.4,18.6,86.8,237.8,0.32,-10.2,26,26,41,25,25,0,0,0,0,0
"D3","D21-D0","One-Sided",21.6,41.8,243.3,849.2,0.24,-20.2,18,18,16,17,17,21.6,41.8,243.3,849.2,0.24,-20.2,18,18,16,17,17,0,0,0,0,0
"D3","D21-D0","Two-Sided",21.6,41.8,243.3,849.2,0.24,-20.2,23,23,20,22,22,21.6,41.8,243.3,849.2,0.24,-20.2,23,23,20,22,22,0,0,0,0,0
"D3","D21-D12","One-Sided",16.4,35,210.3,768,0.26,-18.6,19,19,18,18,18,16.4,35,210.3,768,0.26,-18.6,19,19,18,18,18,0,0,0,0,0
"D3","D21-D12","Two-Sided",16.4,35,210.3,768,0.26,-18.6,24,24,23,23,23,16.4,35,210.3,768,0.26,-18.6,24,24,23,23,23,0,0,0,0,0
"D3","D21-D14","One-Sided",12.8,30.4,143.2,653.3,0.28,-17.6,17,17,22,16,16,12.8,30.4,143.2,653.3,0.28,-17.6,17,17,22,16,16,0,0,0,0,0
"D3","D21-D14","Two-Sided",12.8,30.4,143.2,653.3,0.28,-17.6,22,22,28,21,21,12.8,30.4,143.2,653.3,0.28,-17.6,22,22,28,21,21,0,0,0,0,0
"D3","D21-D16","One-Sided",11.6,28,121.3,581,0.28,-16.4,17,18,22,17,17,11.6,28,121.3,581,0.28,-16.4,17,18,22,17,17,0,0,0,0,0
"D3","D21-D16","Two-Sided",11.6,28,121.3,581,0.28,-16.4,22,22,28,21,21,11.6,28,121.3,581,0.28,-16.4,22,22,28,21,21,0,0,0,0,0
"D3","D21-D19","One-Sided",6.4,16.4,49.3,182.8,0.26,-10,16,16,18,15,15,6.4,16.4,49.3,182.8,0.26,-10,16,16,18,15,15,0,0,0,0,0
"D3","D21-D19","Two-Sided",6.4,16.4,49.3,182.8,0.26,-10,20,20,23,19,19,6.4,16.4,49.3,182.8,0.26,-10,20,20,23,19,19,0,0,0,0,0
"D3","D21-D2","One-Sided",21,41.2,246.5,837.7,0.24,-20.2,18,18,16,17,17,21,41.2,246.5,837.7,0.24,-20.2,18,18,16,17,17,0,0,0,0,0
"D3","D21-D2","Two-Sided",21,41.2,246.5,837.7,0.24,-20.2,22,23,20,21,21,21,41.2,246.5,837.7,0.24,-20.2,22,23,20,21,21,0,0,0,0,0
"D3","D21-D5","One-Sided",16.2,36.4,268.7,805.3,0.24,-20.2,17,18,16,17,17,16.2,36.4,268.7,805.3,0.24,-20.2,17,18,16,17,17,0,0,0,0,0
"D3","D21-D5","Two-Sided",16.2,36.4,268.7,805.3,0.24,-20.2,22,22,20,21,21,16.2,36.4,268.7,805.3,0.24,-20.2,22,22,20,21,21,0,0,0,0,0
"D3","D21-D7","One-Sided",15.8,35.4,263.7,807.8,0.24,-19.6,18,19,16,18,18,15.8,35.4,263.7,807.8,0.24,-19.6,18,19,16,18,18,0,0,0,0,0
"D3","D21-D7","Two-Sided",15.8,35.4,263.7,807.8,0.24,-19.6,23,24,20,22,22,15.8,35.4,263.7,807.8,0.24,-19.6,23,24,20,22,22,0,0,0,0,0
"D3","D21-D9","One-Sided",14.8,35,220.7,768,0.24,-20.2,16,16,16,15,15,14.8,35,220.7,768,0.24,-20.2,16,16,16,15,15,0,0,0,0,0
"D3","D21-D9","Two-Sided",14.8,35,220.7,768,0.24,-20.2,21,21,20,20,20,14.8,35,220.7,768,0.24,-20.2,21,21,20,20,20,0,0,0,0,0
"D3","D7-D0","One-Sided",5.8,6.4,8.2,0.8,0.46,-0.600000000000001,156,156,645,155,155,5.8,6.4,8.2,0.8,0.46,-0.600000000000001,156,156,645,155,155,0,0,0,0,0
"D3","D7-D0","Two-Sided",5.8,6.4,8.2,0.8,0.46,-0.600000000000001,198,198,818,197,197,5.8,6.4,8.2,0.8,0.46,-0.600000000000001,198,198,818,197,197,0,0,0,0,0
"D3","D7-D5","One-Sided",0.4,1,0.8,2,0.38,-0.6,49,49,72,49,49,0.4,1,0.8,2,0.38,-0.6,49,49,72,49,49,0,0,0,0,0
"D3","D7-D5","Two-Sided",0.4,1,0.8,2,0.38,-0.6,63,63,91,62,62,0.4,1,0.8,2,0.38,-0.6,63,63,91,62,62,0,0,0,0,0
"D3","D9-D7","One-Sided",1,0.4,7,0.8,0.64,0.6,135,136,53,134,134,1,0.4,7,0.8,0.64,0.6,135,136,53,134,134,0,0,0,0,0
"D3","D9-D7","Two-Sided",1,0.4,7,0.8,0.64,0.6,172,172,67,171,171,1,0.4,7,0.8,0.64,0.6,172,172,67,171,171,0,0,0,0,0
